{
  "E0": 23739.0,
  "k": 91.16901244618252,
  "a": [
    1585.6998692392924,
    2509.8756537964878,
    544.7985103224282,
    -1668.044430786555,
    345.9231443911801,
    -190.0405109568515,
    -235.8358564620747,
    62.85948195394643
  ],
  "alpha": [
    -2706.1429125144477,
    -1344.977068492521,
    1649.5330833627668,
    228.3184574132415,
    -164.30870843056715,
    299.5910062913955
  ],
  "mu_rh": 62.58599646562534,
  "mu_w": 4.610184756584198,
  "mu_rad": 222.25171531182303,
  "T_base": 62.875448694561626
}